-- MySQL dump 10.13  Distrib 5.7.34, for Linux (x86_64)
--
-- Host: localhost    Database: tutorial_app_development
-- ------------------------------------------------------
-- Server version	5.7.34

/*!40101 SET @OLD_CHARACTER_SET_CLIENT=@@CHARACTER_SET_CLIENT */;
/*!40101 SET @OLD_CHARACTER_SET_RESULTS=@@CHARACTER_SET_RESULTS */;
/*!40101 SET @OLD_COLLATION_CONNECTION=@@COLLATION_CONNECTION */;
/*!40101 SET NAMES utf8 */;
/*!40103 SET @OLD_TIME_ZONE=@@TIME_ZONE */;
/*!40103 SET TIME_ZONE='+00:00' */;
/*!40014 SET @OLD_UNIQUE_CHECKS=@@UNIQUE_CHECKS, UNIQUE_CHECKS=0 */;
/*!40014 SET @OLD_FOREIGN_KEY_CHECKS=@@FOREIGN_KEY_CHECKS, FOREIGN_KEY_CHECKS=0 */;
/*!40101 SET @OLD_SQL_MODE=@@SQL_MODE, SQL_MODE='NO_AUTO_VALUE_ON_ZERO' */;
/*!40111 SET @OLD_SQL_NOTES=@@SQL_NOTES, SQL_NOTES=0 */;

--
-- Table structure for table `ar_internal_metadata`
--

DROP TABLE IF EXISTS `ar_internal_metadata`;
/*!40101 SET @saved_cs_client     = @@character_set_client */;
/*!40101 SET character_set_client = utf8 */;
CREATE TABLE `ar_internal_metadata` (
  `key` varchar(255) NOT NULL,
  `value` varchar(255) DEFAULT NULL,
  `created_at` datetime NOT NULL,
  `updated_at` datetime NOT NULL,
  PRIMARY KEY (`key`)
) ENGINE=InnoDB DEFAULT CHARSET=utf8;
/*!40101 SET character_set_client = @saved_cs_client */;

--
-- Dumping data for table `ar_internal_metadata`
--

LOCK TABLES `ar_internal_metadata` WRITE;
/*!40000 ALTER TABLE `ar_internal_metadata` DISABLE KEYS */;
INSERT INTO `ar_internal_metadata` VALUES ('environment','development','2021-06-09 04:55:23','2021-06-09 04:55:23');
/*!40000 ALTER TABLE `ar_internal_metadata` ENABLE KEYS */;
UNLOCK TABLES;

--
-- Table structure for table `blogs`
--

DROP TABLE IF EXISTS `blogs`;
/*!40101 SET @saved_cs_client     = @@character_set_client */;
/*!40101 SET character_set_client = utf8 */;
CREATE TABLE `blogs` (
  `id` bigint(20) NOT NULL AUTO_INCREMENT,
  `title` varchar(255) NOT NULL COMMENT 'タイトル',
  `body` text NOT NULL COMMENT '本文',
  `created_at` datetime NOT NULL,
  `updated_at` datetime NOT NULL,
  PRIMARY KEY (`id`)
) ENGINE=InnoDB AUTO_INCREMENT=24 DEFAULT CHARSET=utf8 COMMENT='記事テーブル';
/*!40101 SET character_set_client = @saved_cs_client */;

--
-- Dumping data for table `blogs`
--

LOCK TABLES `blogs` WRITE;
/*!40000 ALTER TABLE `blogs` DISABLE KEYS */;
INSERT INTO `blogs` VALUES (16,'テストデータ0','本文は１０文字以上が必要0','2021-06-10 01:01:30','2021-06-10 01:01:30'),(17,'テストデータ1','本文は１０文字以上が必要1','2021-06-10 01:01:30','2021-06-10 01:01:30'),(18,'テストデータ2','本文は１０文字以上が必要2','2021-06-10 01:01:30','2021-06-10 01:01:30'),(19,'テストデータ3','本文は１０文字以上が必要3','2021-06-10 01:01:30','2021-06-10 01:01:30'),(20,'テストデータ4','本文は１０文字以上が必要4','2021-06-10 01:01:30','2021-06-10 01:01:30'),(21,'新しい記事の追加','帆補助ほほっっほほほジョジョジョジョj','2021-06-10 05:58:01','2021-06-10 05:58:01'),(22,'あわわわわw','アイウエオかきくけこ','2021-06-10 06:02:00','2021-06-11 00:17:07'),(23,'あiueo','ンンンンンンンンンンンンンンンンンンンンんn','2021-06-11 00:28:11','2021-06-11 00:28:11');
/*!40000 ALTER TABLE `blogs` ENABLE KEYS */;
UNLOCK TABLES;

--
-- Table structure for table `comments`
--

DROP TABLE IF EXISTS `comments`;
/*!40101 SET @saved_cs_client     = @@character_set_client */;
/*!40101 SET character_set_client = utf8 */;
CREATE TABLE `comments` (
  `id` bigint(20) NOT NULL AUTO_INCREMENT,
  `blog_id` bigint(20) DEFAULT NULL,
  `body` text NOT NULL COMMENT 'コメント本文',
  `created_at` datetime NOT NULL,
  `updated_at` datetime NOT NULL,
  PRIMARY KEY (`id`),
  KEY `index_comments_on_blog_id` (`blog_id`)
) ENGINE=InnoDB AUTO_INCREMENT=33 DEFAULT CHARSET=utf8 COMMENT='コメント';
/*!40101 SET character_set_client = @saved_cs_client */;

--
-- Dumping data for table `comments`
--

LOCK TABLES `comments` WRITE;
/*!40000 ALTER TABLE `comments` DISABLE KEYS */;
INSERT INTO `comments` VALUES (1,16,'コメント本文は必須 0','2021-06-10 01:01:30','2021-06-10 01:01:30'),(2,16,'コメント本文は必須 1','2021-06-10 01:01:30','2021-06-10 01:01:30'),(3,16,'コメント本文は必須 2','2021-06-10 01:01:30','2021-06-10 01:01:30'),(4,16,'コメント本文は必須 3','2021-06-10 01:01:30','2021-06-10 01:01:30'),(5,16,'コメント本文は必須 4','2021-06-10 01:01:30','2021-06-10 01:01:30'),(6,17,'コメント本文は必須 0','2021-06-10 01:01:30','2021-06-10 01:01:30'),(7,17,'コメント本文は必須 1','2021-06-10 01:01:30','2021-06-10 01:01:30'),(8,17,'コメント本文は必須 2','2021-06-10 01:01:30','2021-06-10 01:01:30'),(9,17,'コメント本文は必須 3','2021-06-10 01:01:30','2021-06-10 01:01:30'),(10,17,'コメント本文は必須 4','2021-06-10 01:01:30','2021-06-10 01:01:30'),(11,18,'コメント本文は必須 0','2021-06-10 01:01:30','2021-06-10 01:01:30'),(12,18,'コメント本文は必須 1','2021-06-10 01:01:30','2021-06-10 01:01:30'),(13,18,'コメント本文は必須 2','2021-06-10 01:01:30','2021-06-10 01:01:30'),(14,18,'コメント本文は必須 3','2021-06-10 01:01:30','2021-06-10 01:01:30'),(15,18,'コメント本文は必須 4','2021-06-10 01:01:30','2021-06-10 01:01:30'),(16,19,'コメント本文は必須 0','2021-06-10 01:01:30','2021-06-10 01:01:30'),(17,19,'コメント本文は必須 1','2021-06-10 01:01:30','2021-06-10 01:01:30'),(18,19,'コメント本文は必須 2','2021-06-10 01:01:30','2021-06-10 01:01:30'),(19,19,'コメント本文は必須 3','2021-06-10 01:01:30','2021-06-10 01:01:30'),(20,19,'コメント本文は必須 4','2021-06-10 01:01:30','2021-06-10 01:01:30'),(21,20,'コメント本文は必須 0','2021-06-10 01:01:30','2021-06-10 01:01:30'),(22,20,'コメント本文は必須 1','2021-06-10 01:01:30','2021-06-10 01:01:30'),(23,20,'コメント本文は必須 2','2021-06-10 01:01:30','2021-06-10 01:01:30'),(24,20,'コメント本文は必須 3','2021-06-10 01:01:30','2021-06-10 01:01:30'),(25,20,'コメント本文は必須 4','2021-06-10 01:01:30','2021-06-10 01:01:30'),(26,16,'コメントです','2021-06-10 01:31:14','2021-06-10 01:31:14'),(27,18,'a','2021-06-10 01:39:53','2021-06-10 01:39:53'),(28,18,'l\n','2021-06-10 01:41:11','2021-06-10 01:41:11'),(29,18,'aiuaeo','2021-06-10 01:42:22','2021-06-10 01:42:22'),(30,20,'a','2021-06-10 01:52:47','2021-06-10 01:52:47'),(31,20,'p','2021-06-10 02:10:40','2021-06-10 02:10:40'),(32,22,'うい','2021-06-10 07:25:20','2021-06-10 07:25:20');
/*!40000 ALTER TABLE `comments` ENABLE KEYS */;
UNLOCK TABLES;

--
-- Table structure for table `schema_migrations`
--

DROP TABLE IF EXISTS `schema_migrations`;
/*!40101 SET @saved_cs_client     = @@character_set_client */;
/*!40101 SET character_set_client = utf8 */;
CREATE TABLE `schema_migrations` (
  `version` varchar(255) NOT NULL,
  PRIMARY KEY (`version`)
) ENGINE=InnoDB DEFAULT CHARSET=utf8;
/*!40101 SET character_set_client = @saved_cs_client */;

--
-- Dumping data for table `schema_migrations`
--

LOCK TABLES `schema_migrations` WRITE;
/*!40000 ALTER TABLE `schema_migrations` DISABLE KEYS */;
INSERT INTO `schema_migrations` VALUES ('20210609044531'),('20210610004515');
/*!40000 ALTER TABLE `schema_migrations` ENABLE KEYS */;
UNLOCK TABLES;
/*!40103 SET TIME_ZONE=@OLD_TIME_ZONE */;

/*!40101 SET SQL_MODE=@OLD_SQL_MODE */;
/*!40014 SET FOREIGN_KEY_CHECKS=@OLD_FOREIGN_KEY_CHECKS */;
/*!40014 SET UNIQUE_CHECKS=@OLD_UNIQUE_CHECKS */;
/*!40101 SET CHARACTER_SET_CLIENT=@OLD_CHARACTER_SET_CLIENT */;
/*!40101 SET CHARACTER_SET_RESULTS=@OLD_CHARACTER_SET_RESULTS */;
/*!40101 SET COLLATION_CONNECTION=@OLD_COLLATION_CONNECTION */;
/*!40111 SET SQL_NOTES=@OLD_SQL_NOTES */;

-- Dump completed on 2021-06-11  2:11:44
